{"cameraMode":{"drawMode":0,"name":"Shaded","section":"Shading Mode"},"sceneLighting":true,"audioPlay":false,"sceneViewState":{"m_AlwaysRefresh":false,"showFog":true,"showSkybox":true,"showFlares":true,"showImageEffects":true,"showParticleSystems":true,"showVisualEffectGraphs":true,"m_FxEnabled":true},"in2DMode":false,"pivot":{"x":0.7752888202667236,"y":4.847263336181641,"z":-9.314888954162598},"rotation":{"x":-0.10028168559074402,"y":-0.0313362218439579,"z":-0.003159930929541588,"w":0.9944697022438049},"size":0.38943007588386538,"orthographic":false}