{"cameraMode":{"drawMode":0,"name":"Shaded","section":"Shading Mode"},"sceneLighting":true,"audioPlay":false,"sceneViewState":{"m_AlwaysRefresh":false,"showFog":true,"showSkybox":true,"showFlares":true,"showImageEffects":true,"showParticleSystems":true,"showVisualEffectGraphs":true,"m_FxEnabled":true},"in2DMode":false,"pivot":{"x":0.5454305410385132,"y":3.3182218074798586,"z":-2.154646635055542},"rotation":{"x":-0.1523982435464859,"y":-0.008887795731425286,"z":0.0013696459354832769,"w":-0.9882829785346985},"size":0.49516811966896059,"orthographic":false}