{"cameraMode":{"drawMode":0,"name":"Shaded","section":"Shading Mode"},"sceneLighting":true,"audioPlay":false,"sceneViewState":{"m_AlwaysRefresh":false,"showFog":true,"showSkybox":true,"showFlares":true,"showImageEffects":true,"showParticleSystems":true,"showVisualEffectGraphs":true,"m_FxEnabled":true},"in2DMode":false,"pivot":{"x":957.3737182617188,"y":269.0823059082031,"z":8.44503402709961},"rotation":{"x":-0.05037686228752136,"y":0.008696158416569233,"z":-0.0004388705128803849,"w":-0.9986954927444458},"size":282.84271240234377,"orthographic":false}